Name,Email,Phone Number,URL,Address,Postal Code,Region,Municipality,Manager
Name,Email,Phone Number,URL,Address,Postal Code,Region,Municipality,Manager
Name,Email,Phone Number,URL,Address,Postal Code,Region,Municipality,Manager
Name,Email,Phone Number,URL,Address,Postal Code,Region,Municipality,Manager
Name,Email,Phone Number,URL,Address,Postal Code,Region,Municipality,Manager
Name,Email,Phone Number,URL,Address,Postal Code,Region,Municipality,Manager
Name,Email,Phone Number,URL,Address,Postal Code,Region,Municipality,Manager
Name,Email,Phone Number,URL,Address,Postal Code,Region,Municipality,Manager
Name,Email,Phone Number,URL,Address,Postal Code,Region,Municipality,Manager
Name,Email,Phone Number,URL,Address,Postal Code,Region,Municipality,Manager
Name,Email,Phone Number,URL,Address,Postal Code,Region,Municipality,Manager
Name,Email,Phone Number,URL,Address,Postal Code,Region,Municipality,Manager
Name,Email,Phone Number,URL,Address,Postal Code,Region,Municipality,Manager
Name,Email,Phone Number,URL,Address,Postal Code,Region,Municipality,Manager
Name,Email,Phone Number,URL,Address,Postal Code,Region,Municipality,Manager
Name,Email,Phone Number,URL,Address,Postal Code,Region,Municipality,Manager
Name,Email,Phone Number,URL,Address,Postal Code,Region,Municipality,Manager
Name,Email,Phone Number,URL,Address,Postal Code,Region,Municipality,Manager
Name,Email,Phone Number,URL,Address,Postal Code,Region,Municipality,Manager
Name,Email,Phone Number,URL,Address,Postal Code,Region,Municipality,Manager
Name,Email,Phone Number,URL,Address,Postal Code,Region,Municipality,Manager
Name,Email,Phone Number,URL,Address,Postal Code,Region,Municipality,Manager
Name,Email,Phone Number,URL,Address,Postal Code,Region,Municipality,Manager
Name,Email,Phone Number,URL,Address,Postal Code,Region,Municipality,Manager
Name,Email,Phone Number,URL,Address,Postal Code,Region,Municipality,Manager
Name,Email,Phone Number,URL,Address,Postal Code,Region,Municipality,Manager
Name,Email,Phone Number,URL,Address,Postal Code,Region,Municipality,Manager
Name,Email,Phone Number,URL,Address,Postal Code,Region,Municipality,Manager
Name,Email,Phone Number,URL,Address,Postal Code,Region,Municipality,Manager
Name,Email,Phone Number,URL,Address,Postal Code,Region,Municipality,Manager
Name,Email,Phone Number,URL,Address,Postal Code,Region,Municipality,Manager
Name,Email,Phone Number,URL,Address,Postal Code,Region,Municipality,Manager
Name,Email,Phone Number,URL,Address,Postal Code,Region,Municipality,Manager
Name,Email,Phone Number,URL,Address,Postal Code,Region,Municipality,Manager
Name,Email,Phone Number,URL,Address,Postal Code,Region,Municipality,Manager
Name,Email,Phone Number,URL,Address,Postal Code,Region,Municipality,Manager
Name,Email,Phone Number,URL,Address,Postal Code,Region,Municipality,Manager
Name,Email,Phone Number,URL,Address,Postal Code,Region,Municipality,Manager
Name,Email,Phone Number,URL,Address,Postal Code,Region,Municipality,Manager
Name,Email,Phone Number,URL,Address,Postal Code,Region,Municipality,Manager
Name,Email,Phone Number,URL,Address,Postal Code,Region,Municipality,Manager
Name,Email,Phone Number,URL,Address,Postal Code,Region,Municipality,Manager
Name,Email,Phone Number,URL,Address,Postal Code,Region,Municipality,Manager
Name,Email,Phone Number,URL,Address,Postal Code,Region,Municipality,Manager
Name,Email,Phone Number,URL,Address,Postal Code,Region,Municipality,Manager
Name,Email,Phone Number,URL,Address,Postal Code,Region,Municipality,Manager
Name,Email,Phone Number,URL,Address,Postal Code,Region,Municipality,Manager
Name,Email,Phone Number,URL,Address,Postal Code,Region,Municipality,Manager
Name,Email,Phone Number,URL,Address,Postal Code,Region,Municipality,Manager
Name,Email,Phone Number,URL,Address,Postal Code,Region,Municipality,Manager
Name,Email,Phone Number,URL,Address,Postal Code,Region,Municipality,Manager
Name,Email,Phone Number,URL,Address,Postal Code,Region,Municipality,Manager
Name,Email,Phone Number,URL,Address,Postal Code,Region,Municipality,Manager
Name,Email,Phone Number,URL,Address,Postal Code,Region,Municipality,Manager
Name,Email,Phone Number,URL,Address,Postal Code,Region,Municipality,Manager
Name,Email,Phone Number,URL,Address,Postal Code,Region,Municipality,Manager
Name,Email,Phone Number,URL,Address,Postal Code,Region,Municipality,Manager
Name,Email,Phone Number,URL,Address,Postal Code,Region,Municipality,Manager
Name,Email,Phone Number,URL,Address,Postal Code,Region,Municipality,Manager
Name,Email,Phone Number,URL,Address,Postal Code,Region,Municipality,Manager
Name,Email,Phone Number,URL,Website,Address,Postal Code,Municipality,Manager
Name,Email,Phone Number,URL,Website,Address,Postal Code,Municipality,Manager
Name,Email,Phone Number,URL,Website,Address,Postal Code,Municipality,Manager
Name,Email,Phone Number,URL,Website,Address,Postal Code,Municipality,Manager
Name,Email,Phone Number,URL,Website,Address,Postal Code,Municipality,Manager
Name,Email,Phone Number,URL,Website,Address,Postal Code,Municipality,Manager
Name,Email,Phone Number,URL,Website,Address,Postal Code,Municipality,Manager
Name,Email,Phone Number,URL,Website,Address,Postal Code,Municipality,Manager
Name,Email,Phone Number,URL,Website,Address,Postal Code,Municipality,Manager
Name,Email,Phone Number,URL,Website,Address,Postal Code,Municipality,Manager
Name,Email,Phone Number,URL,Website,Address,Postal Code,Municipality,Manager
Name,Email,Phone Number,URL,Website,Address,Postal Code,Municipality,Manager
